CREATED_DATE	ORDER_ID	PERFORMER	CATEGORY	DURATION	QUALITY	DELIVERY_TIME	ORDER_STATE	UPLOAD_VIDEO	Performer_TOTAL	C4U_commission	Gross_Total	created_at	updated_at
Fri, 01/11/2013 - 05:28	3280	Brookie Little	Upskirt	10 minutes	High Definition	Standard (14 days)	Completed	Not Uploaded	$218.33	$76.00	$295.00		
Thu, 31/10/2013 - 23:53	3276	Goddess Celine	Jerk Off Instruction	15 minutes	High Definition	Express (up to 3 days)	Completed	Not Uploaded	$85.00	$30.00	$115.00		
Thu, 31/10/2013 - 23:31	3275	Kacie James	Flirt	10 minutes	High Definition	Standard (14 days)	Completed	Not Uploaded	$100.00	$35.00	$135.00		
Thu, 31/10/2013 - 21:58	3273	Adele Taylor	Jerk Off Instruction	10 minutes	High Definition	Standard (14 days)	Completed	Not Uploaded	$157.70	$55.00	$213.00		
Thu, 31/10/2013 - 21:09	3272	Kitty Lea	Leather / Latex / PVC	15 minutes	Standard Definition	Standard (14 days)	Completed	Not Uploaded	$225.00	$79.00	$304.00		
Thu, 31/10/2013 - 17:13	3268	Danielle Anderson	Humiliation	5 minutes	Standard Definition	Standard (14 days)	Completed	Not Uploaded	$77.40	$27.00	$104.00		
Thu, 31/10/2013 - 14:06	3262	Charley Atwell	Cuckolding	10 minutes	Standard Definition	Standard (14 days)	Completed	Uploaded	$100.00	$35.00	$135.00		
Thu, 31/10/2013 - 13:56	3261	Paige Green	Goddess Worship	5 minutes	Standard Definition	Standard (14 days)	Completed	Not Uploaded	$60.00	$21.00	$81.00		
Thu, 31/10/2013 - 08:50	3256	Mikaela Witt	Financial Domination	10 minutes	High Definition	Standard (14 days)	Completed	Not Uploaded	$285.00	$100.00	$385.00		
Thu, 31/10/2013 - 02:22	3252	Bex Shiner	Jerk Off Instruction	5 minutes	Standard Definition	Premium (7 days)	Completed	Not Uploaded	$42.50	$15.00	$57.00		
Thu, 31/10/2013 - 00:42	3247	Brook Logan	Humiliation	15 minutes	Standard Definition	Premium (7 days)	Completed	Not Uploaded	$115.00	$40.00	$155.00		
Wed, 30/10/2013 - 23:45	3245	Georgie Serino	Glamour / Implied Nude	Instagram (15 Seconds)	Instagram	Next Day (Up to 24 Hours)	Completed	Not Uploaded	$16.59	$6.00	$22.00		
Wed, 30/10/2013 - 22:55	3241	Tammy Taylor	Full Frontal Nude		Standard Definition	Standard (14 days)	Completed	Not Uploaded	$16.59	$6.00	$22.00		
Wed, 30/10/2013 - 22:56	3242	Miss Ellechemy	Goddess Worship	10 minutes	High Definition	Standard (14 days)	Completed	Not Uploaded	$200.00	$70.00	$270.00		
Wed, 30/10/2013 - 16:28	3230	Amy Lu	Full Frontal Nude	10 minutes	High Definition	Standard (14 days)	Completed	Uploaded	$135.00	$47.00	$182.00		
Wed, 30/10/2013 - 00:46	3215	Brie Taylor	Jerk Off Instruction	10 minutes	Standard Definition	Standard (14 days)	Completed	Not Uploaded	$20.00	$7.00	$27.00		
Tue, 29/10/2013 - 22:32	3211	Caty Cole	Jerk Off Instruction	5 minutes	Standard Definition	Standard (14 days)	Completed	Not Uploaded	$110.59	$39.00	$149.00		
Tue, 29/10/2013 - 20:32	3207	Tiffany Chambers	Tit Worship	10 minutes	Standard Definition	Standard (14 days)	Completed	Not Uploaded	$158.33	$55.00	$214.00		
Tue, 29/10/2013 - 00:56	3176	Ella Jolie	Flirt	5 minutes	Standard Definition	Standard (14 days)	Completed	Not Uploaded	$50.00	$18.00	$68.00		
Tue, 29/10/2013 - 00:39	3174	Lori Buckby	Flirt	Instagram (15 Seconds)	Instagram	Next Day (Up to 24 Hours)	Completed	Not Uploaded	$22.22	$8.00	$30.00		
Mon, 28/10/2013 - 23:13	3171	Princess Ellie	Jerk Off Instruction	15 minutes	Standard Definition	Premium (7 days)	Completed	Uploaded	$200.00	$70.00	$270.00		
Mon, 28/10/2013 - 21:44	3168	Misha	Ass Worship	10 minutes	Standard Definition	Next Day (up to 24 hours)	Completed	Uploaded	$25.00	$9.00	$34.00		
Mon, 28/10/2013 - 15:31	3158	Gemma Hiles	Leather / Latex / PVC	15 minutes	High Definition	Standard (14 days)	Completed	Not Uploaded	$296.16	$104.00	$400.00		
Mon, 28/10/2013 - 10:14	3144	Abbey Barnsley	Upskirt	5 minutes	Standard Definition	Standard (14 days)	Completed	Not Uploaded	$77.40	$27.00	$104.00		
Mon, 28/10/2013 - 03:19	3134	Tammy Taylor	Foot Worship	5 minutes	High Definition	Standard (14 days)	Completed	Not Uploaded	$102.40	$36.00	$138.00		
Mon, 28/10/2013 - 02:49	3133	Amy Lu	Foot Worship	10 minutes	Standard Definition	Express (up to 3 days)	Completed	Uploaded	$75.00	$26.00	$101.00		
Mon, 28/10/2013 - 01:58	3132	Brie Taylor	Masturbation	15 minutes	Standard Definition	Express (up to 3 days)	Completed	Uploaded	$50.00	$18.00	$68.00		
Sun, 27/10/2013 - 22:14	3124	Tammy Taylor	Foot Worship	15 minutes	Standard Definition	Standard (14 days)	Completed	Not Uploaded	$165.87	$58.00	$224.00		
Sun, 20/10/2013 - 04:20	2694	Tiffany Tyler	Small Penis Humiliation	Instagram (15 Seconds)	Instagram	Next Day (Up to 24 Hours)	Completed	Not Uploaded	$14.81	$5.00	$20.00		
Sun, 27/10/2013 - 13:22	3107	Kitty Lea	Glamour / Implied Nude	15 minutes	Standard Definition	Premium (7 days)	Completed	Uploaded	$380.00	$133.00	$513.00		
Sun, 27/10/2013 - 01:55	3075	Gemma Jane	Foot Worship	10 minutes	High Definition	Standard (14 days)	Completed	Not Uploaded	$215.87	$76.00	$291.00		
Sun, 27/10/2013 - 01:00	3072	Princess Portia	Humiliation	10 minutes	Standard Definition	Next Day (up to 24 hours)	Completed	Uploaded	$115.00	$40.00	$155.00		
Sat, 26/10/2013 - 19:30	3035	Misha	Jerk Off Instruction	10 minutes	High Definition	Next Day (up to 24 hours)	Completed	Uploaded	$21.00	$7.00	$28.00		
Sat, 26/10/2013 - 18:23	3034	Princess Ellie	Foot Worship	10 minutes	High Definition	Premium (7 days)	Completed	Uploaded	$110.00	$39.00	$149.00		
Sat, 26/10/2013 - 09:49	3020	Cara Steel	Foot Worship	5 minutes	High Definition	Premium (7 days)	Completed	Not Uploaded	$160.59	$56.00	$217.00		
Sat, 26/10/2013 - 01:42	3012	Tammy Taylor	Full Frontal Nude	10 minutes	Standard Definition	Standard (14 days)	Completed	Not Uploaded	$132.70	$46.00	$179.00		
Fri, 25/10/2013 - 20:06	2993	Paige Green	Goddess Worship	15 minutes	Standard Definition	Standard (14 days)	Completed	Not Uploaded	$120.00	$42.00	$162.00		
Fri, 25/10/2013 - 19:57	2992	Caty Cole	Ass Worship	15 minutes	Standard Definition	Standard (14 days)	Completed	Not Uploaded	$221.16	$77.00	$299.00		
Fri, 25/10/2013 - 12:11	2985	Goddess Alexis	Femdom POV	5 minutes	High Definition	Premium (7 days)	Completed	Uploaded	$70.00	$25.00	$95.00		
Thu, 24/10/2013 - 23:49	2973	Paige Turnah	Full Frontal Nude	5 minutes	Standard Definition	Standard (14 days)	Completed	Not Uploaded	$77.40	$27.00	$104.00		
Thu, 24/10/2013 - 18:33	2961	Nikki Lee	Foot Worship	10 minutes	Standard Definition	Express (up to 3 days)	Completed	Not Uploaded	$90.00	$32.00	$122.00		
Thu, 24/10/2013 - 17:11	2956	Cara Steel	Leather / Latex / PVC	10 minutes	High Definition	Premium (7 days)	Completed	Not Uploaded	$215.87	$76.00	$291.00		
Thu, 24/10/2013 - 16:24	2952	Goddess Jennifer	Ass Worship	Instagram (15 Seconds)	Instagram	Next Day (Up to 24 Hours)	Completed	Not Uploaded	$25.00	$9.00	$34.00		
Thu, 24/10/2013 - 16:14	2950	Lindsey Leigh	Goddess Worship	Instagram (15 Seconds)	Instagram	Next Day (Up to 24 Hours)	Completed	Uploaded	$10.00	$4.00	$14.00		
Thu, 24/10/2013 - 10:36	2944	Jenna Hoskins	Jerk Off Instruction	15 minutes	Standard Definition	Next Day (up to 24 hours)	Completed	Not Uploaded	$130.00	$46.00	$176.00		
Thu, 24/10/2013 - 10:14	2943	Paige Turnah	Jerk Off Instruction	30 minutes	Standard Definition	Standard (14 days)	Completed	Not Uploaded	$221.16	$77.00	$299.00		
Wed, 23/10/2013 - 21:05	2921	Charl Minaj	Masturbation	10 minutes	Standard Definition	Standard (14 days)	Completed	Not Uploaded	$20.00	$7.00	$27.00		
Wed, 23/10/2013 - 20:50	2919	Bianca	Tit Worship	5 minutes	Standard Definition	Standard (14 days)	Completed	Not Uploaded	$75.00	$26.00	$101.00		
Wed, 23/10/2013 - 18:26	2911	Sarah	Pantyhose / Stockings	5 minutes	Standard Definition	Standard (14 days)	Completed	Not Uploaded	$77.40	$27.00	$104.00		
Wed, 23/10/2013 - 15:02	2898	Princess Ellie	Femdom POV	15 minutes	High Definition	Standard (14 days)	Completed	Uploaded	$150.00	$53.00	$203.00		
Wed, 23/10/2013 - 12:44	2889	Princess Jennifer	Chastity	10 minutes	High Definition	Standard (14 days)	Completed	Uploaded	$150.00	$53.00	$203.00		
Wed, 23/10/2013 - 12:26	2887	Brie Taylor	Boy-Girl	30 minutes	Standard Definition	Premium (7 days)	Completed	Uploaded	$75.00	$26.00	$101.00		
Wed, 23/10/2013 - 10:56	2882	Charl Minaj	Pantyhose / Stockings	10 minutes	Standard Definition	Standard (14 days)	Completed	Not Uploaded	$15.00	$5.00	$20.00		
Wed, 23/10/2013 - 01:08	2861	Kandi Kay	Full Frontal Nude	5 minutes	Standard Definition	Premium (7 days)	Completed	Not Uploaded	$105.00	$37.00	$142.00		
Tue, 22/10/2013 - 23:13	2849	Randy Moore	Femdom POV	10 minutes	High Definition	Standard (14 days)	Completed	Not Uploaded	$135.00	$47.00	$182.00		
Tue, 22/10/2013 - 22:23	2844	Mila Milan	Ass Worship	10 minutes	Standard Definition	Premium (up to 7 days)	Completed	Not Uploaded	$100.00	$35.00	$135.00		
Tue, 22/10/2013 - 19:20	2835	Emmi	Jerk Off Instruction	5 minutes	Standard Definition	Express (up to 3 days)	Completed	Uploaded	$35.00	$12.00	$47.00		
Tue, 22/10/2013 - 19:08	2833	Tashie Jackson	Foot Slave Training	5 minutes	Standard Definition	Standard (14 days)	Completed	Uploaded	$113.89	$40.00	$154.00		
Tue, 22/10/2013 - 18:54	2832	Sarah	Foot Worship	15 minutes	Standard Definition	Standard (14 days)	Completed	Uploaded	$165.87	$58.00	$224.00		
Tue, 22/10/2013 - 15:19	2823	Adele Taylor	Ass Worship	5 minutes	Standard Definition	Standard (14 days)	Completed	Not Uploaded	$77.40	$27.00	$104.00		
Tue, 22/10/2013 - 08:47	2808	Charl Minaj	Foot Worship	5 minutes	Standard Definition	Standard (14 days)	Completed	Not Uploaded	$10.00	$4.00	$14.00		
Tue, 22/10/2013 - 04:00	2801	Abbey Barnsley	Tit Worship	5 minutes	High Definition	Next Day (up to 24 hours)	Completed	Uploaded	$162.40	$57.00	$219.00		
Tue, 22/10/2013 - 03:06	2800	Brie Taylor	Jerk Off Instruction	5 minutes	Standard Definition	Express (up to 3 days)	Completed	Uploaded	$20.00	$7.00	$27.00		
Mon, 21/10/2013 - 21:43	2777	Charl Minaj	Lingerie	10 minutes	Standard Definition	Premium (7 days)	Completed	Not Uploaded	$15.00	$5.00	$20.00		
Mon, 21/10/2013 - 19:35	2769	Blondie Bennett	Tit Worship	10 minutes	Standard Definition	Standard (14 days)	Completed	Uploaded	$200.00	$70.00	$270.00		
Mon, 21/10/2013 - 02:14	2735	Gemma Hiles	Pantyhose / Stockings	30 minutes	High Definition	Standard (14 days)	Completed	Uploaded	$406.74	$142.00	$549.00		
Mon, 21/10/2013 - 01:54	2734	Princess Samantha	Jerk Off Instruction	15 minutes	Standard Definition	Premium (7 days)	Completed	Not Uploaded	$175.00	$61.00	$236.00		
Mon, 21/10/2013 - 01:22	2732	Cara Brett	Ass Worship	15 minutes	High Definition	Standard (14 days)	Completed	Not Uploaded	$271.16	$95.00	$366.00		
Sun, 20/10/2013 - 21:05	2725	Abbey Barnsley	Belly Fetish	15 minutes	High Definition	Standard (14 days)	Completed	Not Uploaded	$190.87	$67.00	$258.00		
Sun, 20/10/2013 - 21:21	2727	Princess Sofia	Humiliation	5 minutes	Standard Definition	Standard (14 days)	Completed	Not Uploaded	$50.00	$18.00	$68.00		
Sun, 20/10/2013 - 19:35	2723	Cali Garcia	Foot Worship	5 minutes	Standard Definition	Premium (7 days)	Completed	Not Uploaded	$55.00	$19.00	$74.00		
Sun, 20/10/2013 - 19:27	2722	Nina Leigh	Jerk Off Instruction	10 minutes	Standard Definition	Standard (14 days)	Completed	Not Uploaded	$85.00	$30.00	$115.00		
Sun, 20/10/2013 - 14:58	2713	Spoiled Bianca	Financial Domination	5 minutes	Standard Definition	Standard (14 days)	Completed	Uploaded	$50.00	$18.00	$68.00		
Sun, 20/10/2013 - 12:30	2703	Danielle Anderson	Smoking	5 minutes	Standard Definition	Standard (14 days)	Completed	Not Uploaded	$77.40	$27.00	$104.00		
Sun, 20/10/2013 - 09:02	2697	Fernanda Ferrari	Jerk Off Instruction	5 minutes	Standard Definition	Standard (14 days)	Completed	Not Uploaded	$77.40	$27.00	$104.00		
Sun, 20/10/2013 - 03:01	2690	Fernanda Ferrari	Flirt	10 minutes	Standard Definition	Standard (14 days)	Completed	Not Uploaded	$132.70	$46.00	$179.00		
Sun, 20/10/2013 - 02:27	2686	Kitty Lea	Foot Worship	10 minutes	Standard Definition	Premium (7 days)	Completed	Uploaded	$125.00	$44.00	$169.00		
Sat, 19/10/2013 - 19:33	2671	Amy Lu	Full Frontal Nude	5 minutes	High Definition	Premium (7 days)	Completed	Uploaded	$117.50	$41.00	$159.00		
Sat, 19/10/2013 - 16:13	2661	Cara Brett	Tit Worship	10 minutes	Standard Definition	Standard (14 days)	Completed	Not Uploaded	$165.87	$58.00	$224.00		
Sat, 19/10/2013 - 14:03	2655	Lucy Summers	Glamour / Implied Nude	15 minutes	Standard Definition	Standard (14 days)	Completed	Not Uploaded	$110.00	$39.00	$149.00		
Sat, 19/10/2013 - 12:00	2650	Kitty Lea	Tit Worship	15 minutes	Standard Definition	Premium (7 days)	Completed	Uploaded	$205.00	$72.00	$277.00		
Sat, 19/10/2013 - 11:27	2646	Meggerz	Giantess Fetish	5 minutes	High Definition	Express (up to 3 days)	Completed	Uploaded	$75.00	$26.00	$101.00		
Sat, 19/10/2013 - 10:51	2644	Lindsey Leigh	Humiliation	Instagram (15 Seconds)	Instagram	Next Day (Up to 24 Hours)	Completed	Uploaded	$10.00	$4.00	$14.00		
Sat, 19/10/2013 - 08:59	2641	Lindsey Leigh	Chastity	10 minutes	High Definition	Standard (14 days)	Completed	Uploaded	$105.00	$37.00	$142.00		
Fri, 18/10/2013 - 18:47	2617	Bex Shiner	Small Penis Humiliation	10 minutes	Standard Definition	Premium (7 days)	Completed	Uploaded	$157.50	$55.00	$213.00		
Fri, 18/10/2013 - 18:13	2614	Emmi	Flirt	10 minutes	Standard Definition	Premium (7 days)	Completed	Uploaded	$45.00	$16.00	$61.00		
Fri, 18/10/2013 - 16:49	2610	Miss Ellechemy	Goddess Worship	15 minutes	High Definition	Standard (14 days)	Completed	Not Uploaded	$300.00	$105.00	$405.00		
Fri, 18/10/2013 - 16:44	2609	Mikaela Witt	Tickling	10 minutes	Standard Definition	Standard (14 days)	Completed	Uploaded	$275.00	$96.00	$371.00		
Fri, 18/10/2013 - 13:07	2596	Paige Green	Foot Worship	15 minutes	Standard Definition	Standard (14 days)	Completed	Not Uploaded	$120.00	$42.00	$162.00		
Fri, 18/10/2013 - 10:33	2590	Lady Jayden	Foot Worship	10 minutes	Standard Definition	Standard (14 days)	Completed	Uploaded	$50.00	$18.00	$68.00		
Fri, 18/10/2013 - 04:27	2582	Randy Moore	Femdom	10 minutes	High Definition	Standard (14 days)	Completed	Not Uploaded	$135.00	$47.00	$182.00		
Fri, 18/10/2013 - 03:37	2581	Agent Sexy Hot	Jerk Off Instruction	10 minutes	Standard Definition	Premium (7 days)	Completed	Uploaded	$52.50	$18.00	$71.00		
Fri, 18/10/2013 - 01:27	2576	Ashleigh Embers	Foot Worship	15 minutes	Standard Definition	Premium (7 days)	Completed	Uploaded	$80.00	$28.00	$108.00		
Fri, 18/10/2013 - 00:57	2573	Lindsey Leigh	Tease & Denial	5 minutes	Standard Definition	Standard (14 days)	Completed	Uploaded	$50.00	$18.00	$68.00		
Thu, 17/10/2013 - 19:54	2555	Carla Brown	Tease & Denial	10 minutes	Standard Definition	Express (up to 3 days)	Completed	Uploaded	$135.00	$47.00	$182.00		
Wed, 16/10/2013 - 22:37	2520	Brie Taylor	Pantyhose / Stockings	30 minutes	Standard Definition	Standard (14 days)	Completed	Uploaded	$40.00	$14.00	$54.00		
Wed, 16/10/2013 - 19:27	2511	Yuffie Yulan	Masturbation	5 minutes	Standard Definition	Standard (14 days)	Completed	Not Uploaded	$50.00	$18.00	$68.00		
Wed, 16/10/2013 - 17:17	2505	Tashie Jackson	Tit Worship	10 minutes	Standard Definition	Standard (14 days)	Completed	Uploaded	$158.33	$55.00	$214.00		
Wed, 16/10/2013 - 17:16	2504	Meggerz	Ignore	5 minutes	High Definition	Premium (7 days)	Completed	Uploaded	$60.00	$21.00	$81.00		
Wed, 16/10/2013 - 16:47	2502	Adele Taylor	Jerk Off Instruction	Instagram (15 Seconds)	Instagram	Next Day (Up to 24 Hours)	Completed	Uploaded	$16.59	$6.00	$22.00		
Wed, 16/10/2013 - 16:18	2498	Adele Taylor	Glamour / Implied Nude	10 minutes	Standard Definition	Standard (14 days)	Completed	Uploaded	$132.70	$46.00	$179.00		
Wed, 16/10/2013 - 13:09	2481	Jasmine Jones	Jerk Off Instruction	5 minutes	Standard Definition	Standard (14 days)	Completed	Uploaded	$50.00	$18.00	$68.00		
Tue, 15/10/2013 - 18:10	2459	Carla Brown	Financial Domination	15 minutes	Standard Definition	Premium (7 days)	Completed	Uploaded	$150.00	$53.00	$203.00		
Tue, 15/10/2013 - 17:55	2458	Anais Jolie	Giantess Fetish	5 minutes	High Definition	Standard (14 days)	Completed	Uploaded	$40.00	$14.00	$54.00		
Tue, 15/10/2013 - 17:43	2457	Sarah	Foot Slave Training	5 minutes	High Definition	Standard (14 days)	Completed	Uploaded	$127.40	$45.00	$172.00		
Tue, 15/10/2013 - 13:53	2448	Kitty Lea	Goddess Worship	15 minutes	Standard Definition		Completed	Uploaded	$165.00	$58.00	$223.00		
Tue, 15/10/2013 - 09:20	2436	Mikaela Witt	Humiliation	5 minutes	Standard Definition	Standard (14 days)	Completed	Uploaded	$100.00	$35.00	$135.00		
Tue, 15/10/2013 - 08:28	2434	Kristi Maxx	Financial Domination	5 minutes	Standard Definition	Standard (14 days)	Completed	Uploaded	$50.00	$18.00	$68.00		
Tue, 15/10/2013 - 01:07	2427	Anais Jolie	Giantess Fetish	5 minutes	High Definition	Standard (14 days)	Completed	Uploaded	$40.00	$14.00	$54.00		
Mon, 14/10/2013 - 23:18	2424	Brie Taylor	Goddess Worship	5 minutes	Standard Definition	Standard (14 days)	Completed	Uploaded	$10.00	$4.00	$14.00		
Mon, 14/10/2013 - 23:07	2423	Brie Taylor	Cum Eating Instruction	5 minutes	Standard Definition	Standard (14 days)	Completed	Uploaded	$10.00	$4.00	$14.00		
Mon, 14/10/2013 - 20:59	2419	Anais Jolie	Foot Worship	10 minutes	High Definition	Premium (7 days)	Completed	Uploaded	$100.00	$35.00	$135.00		
Mon, 14/10/2013 - 20:43	2418	Kitty Lea	Tease & Denial	10 minutes	Standard Definition		Completed	Uploaded	$115.00	$40.00	$155.00		
Mon, 14/10/2013 - 18:39	2415	Princess Portia	Humiliation	Instagram (15 Seconds)	Instagram	Next Day (Up to 24 Hours)	Completed	Uploaded	$10.36	$4.00	$14.00		
Mon, 14/10/2013 - 14:36	2403	Adele Taylor	Glamour / Implied Nude	15 minutes	High Definition	Standard (14 days)	Completed	Uploaded	$190.87	$67.00	$258.00		
Mon, 14/10/2013 - 10:45	2391	Princess Ellie	Cum Eating Instruction	10 minutes	High Definition	Standard (14 days)	Completed	Uploaded	$100.00	$35.00	$135.00		
Sun, 13/10/2013 - 23:14	2373	Goddess Alexis	Financial Domination	5 minutes	Standard Definition	Standard (14 days)	Completed	Uploaded	$40.00	$14.00	$54.00		
Sun, 13/10/2013 - 22:16	2371	Goddess Alexis	Femdom POV	5 minutes	Standard Definition	Standard (14 days)	Completed	Uploaded	$40.00	$14.00	$54.00		
Sun, 13/10/2013 - 21:54	2369	Goddess Alexis	Humiliation	5 minutes	Standard Definition	Standard (14 days)	Completed	Uploaded	$40.00	$14.00	$54.00		
Sun, 13/10/2013 - 21:48	2367	Sophia Lares	Jerk Off Instruction	5 minutes	Standard Definition	Standard (14 days)	Completed	Uploaded	$99.99	$35.00	$135.00		
Sun, 13/10/2013 - 15:00	2354	Lady Jayden	Foot Worship	10 minutes	Standard Definition	Standard (14 days)	Completed	Uploaded	$50.00	$18.00	$68.00		
Sun, 13/10/2013 - 14:49	2353	Jessika Jinx	Foot Worship	10 minutes	Standard Definition	Standard (14 days)	Completed	Not Uploaded	$65.00	$23.00	$88.00		
Sun, 13/10/2013 - 07:39	2343	Princess Lacey	Femdom POV	5 minutes	High Definition	Standard (14 days)	Completed	Not Uploaded	$50.00	$18.00	$68.00		
Sun, 13/10/2013 - 05:01	2339	Lilly Roma	Jerk Off Instruction	Instagram (15 Seconds)	Instagram	Next Day (Up to 24 Hours)	Completed	Uploaded	$22.11	$8.00	$30.00		
Sun, 13/10/2013 - 04:08	2338	Adele Taylor	Foot Worship	15 minutes	High Definition	Standard (14 days)	Completed	Uploaded	$190.87	$67.00	$258.00		
Sun, 13/10/2013 - 02:30	2336	Kitty Lea	Foot Worship	10 minutes	Standard Definition	Premium (7 days)	Completed	Uploaded	$105.00	$37.00	$142.00		
Sat, 12/10/2013 - 23:05	2330	Anais Jolie	Foot Slave Training	5 minutes	High Definition	Standard (14 days)	Completed	Uploaded	$40.00	$14.00	$54.00		
Sat, 12/10/2013 - 22:26	2329	Brie Taylor	Masturbation	30 minutes	Standard Definition	Standard (14 days)	Completed	Uploaded	$50.00	$18.00	$68.00		
Sat, 12/10/2013 - 21:36	2326	Lana Lane	Foot Worship	15 minutes	Standard Definition	Standard (14 days)	Completed	Uploaded	$221.16	$77.00	$299.00		
Sat, 12/10/2013 - 21:03	2325	Eva Angelina	Upskirt	10 minutes	Standard Definition	Premium (up to 7 days)	Completed	Not Uploaded	$100.00	$35.00	$135.00		
Sat, 12/10/2013 - 18:48	2322	Saffron Taylor	Goddess Worship	15 minutes	Standard Definition	Standard (14 days)	Completed	Uploaded	$150.00	$53.00	$203.00		
Sat, 12/10/2013 - 18:17	2321	Nina Leigh	Ass Worship	10 minutes	Standard Definition	Premium (7 days)	Completed	Uploaded	$87.50	$31.00	$118.00		
Sat, 12/10/2013 - 16:53	2318	Kitty Lea	High Heels	Instagram (15 Seconds)	Instagram	Next Day (Up to 24 Hours)	Completed	Uploaded	$14.81	$5.00	$20.00		
Sat, 12/10/2013 - 14:10	2315	Jenny Laird	Ass Worship	5 minutes	Standard Definition	Standard (14 days)	Completed	Not Uploaded	$65.00	$23.00	$88.00		
Sat, 12/10/2013 - 13:51	2314	Mikaela Witt	Small Penis Humiliation	5 minutes	Standard Definition	Standard (14 days)	Completed	Uploaded	$100.00	$35.00	$135.00		
Sat, 12/10/2013 - 09:17	2296	Bex Shiner	Jerk Off Instruction	10 minutes	Standard Definition	Standard (14 days)	Completed	Uploaded	$70.00	$25.00	$95.00		
Fri, 11/10/2013 - 21:09	2271	Mikaela Witt	Foot Worship	15 minutes	Standard Definition	Standard (14 days)	Completed	Uploaded	$225.00	$79.00	$304.00		
Fri, 11/10/2013 - 20:18	2269	Caty Cole		15 minutes	High Definition	Standard (14 days)	Completed	Uploaded	$531.01	$186.00	$717.00		
Fri, 11/10/2013 - 20:08	2268	Mistress B	Humiliation	5 minutes	Standard Definition	Premium (7 days)	Completed	Uploaded	$52.00	$18.00	$70.00		
Fri, 11/10/2013 - 19:08	2267	Amy Lu	Foot Worship	15 minutes	High Definition	Premium (7 days)	Completed	Uploaded	$102.50	$36.00	$138.00		
Fri, 11/10/2013 - 16:58	2258	Amyleen Moore	Femdom POV	5 minutes	High Definition	Premium (7 days)	Completed	Uploaded	$50.00	$18.00	$68.00		
Fri, 11/10/2013 - 16:32	2257	Olivia Berzinc	Pantyhose / Stockings	5 minutes	Standard Definition	Standard (14 days)	Completed	Not Uploaded	$70.00	$25.00	$95.00		
Fri, 11/10/2013 - 16:24	2256	Abbey Barnsley	Smoking	5 minutes	Standard Definition	Standard (14 days)	Completed	Uploaded	$77.40	$27.00	$104.00		
Fri, 11/10/2013 - 15:59	2254	Jennifer Jade	Financial Domination	15 minutes	Standard Definition	Standard (14 days)	Completed	Not Uploaded	$150.00	$53.00	$203.00		
Fri, 11/10/2013 - 15:21	2252	Goddess Jennifer	Humiliation	5 minutes	High Definition	Premium (7 days)	Completed	Uploaded	$50.00	$18.00	$68.00		
Fri, 11/10/2013 - 15:09	2249	Preeti Young	Tit Worship	10 minutes	Standard Definition	Premium (7 days)	Completed	Not Uploaded	$77.50	$27.00	$105.00		
Fri, 11/10/2013 - 14:26	2247	Adele Taylor	Foot Worship	Instagram (15 Seconds)	Instagram	Next Day (Up to 24 Hours)	Completed	Uploaded	$16.59	$6.00	$22.00		
Fri, 11/10/2013 - 09:31	2239	Meggerz	Jerk Off Instruction	5 minutes	High Definition	Next Day (up to 24 hours)	Completed	Uploaded	$105.00	$37.00	$142.00		
Fri, 11/10/2013 - 09:13	2238	Kitty Lea	Glamour / Implied Nude	15 minutes	Standard Definition	Premium (7 days)	Completed	Uploaded	$255.00	$89.00	$344.00		
Fri, 11/10/2013 - 05:59	2235	Ruby Summers	Chastity	10 minutes	Standard Definition	Standard (14 days)	Completed	Not Uploaded	$80.00	$28.00	$108.00		
Fri, 11/10/2013 - 05:49	2234	Goddess Jennifer	Ass Worship	Instagram (15 Seconds)	Instagram	Next Day (Up to 24 Hours)	Completed	Uploaded	$25.00	$9.00	$34.00		
Fri, 11/10/2013 - 04:18	2232	Goddess Jessica	Foot Worship	10 minutes	High Definition	Standard (14 days)	Completed	Uploaded	$100.00	$35.00	$135.00		
Fri, 11/10/2013 - 01:27	2228	Jessy Jensen	Femdom POV	10 minutes	Standard Definition	Premium (7 days)	Completed	Not Uploaded	$90.00	$32.00	$122.00		
Fri, 11/10/2013 - 01:02	2226	Jennifer Jade	Femdom POV	10 minutes	Standard Definition	Premium (7 days)	Completed	Not Uploaded	$130.00	$46.00	$176.00		
Fri, 11/10/2013 - 00:54	2225	Randy Moore	Femdom POV	10 minutes	High Definition	Premium (7 days)	Completed	Uploaded	$145.00	$51.00	$196.00		
Fri, 11/10/2013 - 00:35	2224	Charlene Hart	Femdom POV	10 minutes	Standard Definition	Premium (7 days)	Completed	Not Uploaded	$100.00	$35.00	$135.00		
Thu, 10/10/2013 - 21:51	2222	Cara Brett	Leather / Latex / PVC	10 minutes	Standard Definition	Standard (14 days)	Completed	Uploaded	$165.87	$58.00	$224.00		
Thu, 10/10/2013 - 20:23	2221	Ruby Summers	Jerk Off Instruction	10 minutes	Standard Definition	Standard (14 days)	Completed	Uploaded	$80.00	$28.00	$108.00		
Thu, 10/10/2013 - 19:31	2220	Goddess Jennifer	Rip Off	10 minutes	Standard Definition	Standard (14 days)	Completed	Uploaded	$100.00	$35.00	$135.00		
Thu, 10/10/2013 - 18:59	2219	Goddess Jennifer	Humiliation	5 minutes	High Definition	Express (up to 3 days)	Completed	Uploaded	$75.00	$26.00	$101.00		
Thu, 10/10/2013 - 17:22	2209	Siren Thorn	Foot Slave Training	5 minutes	High Definition	Premium (7 days)	Completed	Uploaded	$75.00	$26.00	$101.00		
Thu, 10/10/2013 - 17:14	2208	Ruby Summers	Ignore	5 minutes	Standard Definition	Standard (14 days)	Completed	Uploaded	$60.00	$21.00	$81.00		
Thu, 10/10/2013 - 15:33	2206	Princess Jennifer	Tease & Denial	10 minutes	High Definition	Standard (14 days)	Completed	Uploaded	$150.00	$53.00	$203.00		
Thu, 10/10/2013 - 13:52	2204	Becky Dee	Ass Worship	15 minutes	Standard Definition	Express (up to 3 days)	Completed	Uploaded	$85.00	$30.00	$115.00		
Thu, 10/10/2013 - 10:12	2196	Nikki Delano	Tease & Denial	5 minutes	Standard Definition	Standard (14 days)	Completed	Not Uploaded	$55.55	$19.00	$75.00		
Thu, 10/10/2013 - 10:03	2195	Goddess Bossy	Humiliation	Instagram (15 Seconds)	Instagram	Next Day (Up to 24 Hours)	Completed	Not Uploaded	$25.00	$9.00	$34.00		
Thu, 10/10/2013 - 04:27	2188	Amyleen Moore	Scent	5 minutes	Standard Definition	Express (up to 3 days)	Completed	Uploaded	$60.00	$21.00	$81.00		
Wed, 09/10/2013 - 22:30	2180	Ruby Summers	Chastity	15 minutes	Standard Definition	Standard (14 days)	Completed	Not Uploaded	$100.00	$35.00	$135.00		
Wed, 09/10/2013 - 20:34	2174	Kandi Kay	Financial Domination	5 minutes	Standard Definition	Standard (14 days)	Completed	Uploaded	$75.00	$26.00	$101.00		
Wed, 09/10/2013 - 12:28	2165	Princess Samantha	Small Penis Humiliation	5 minutes	Standard Definition	Premium (7 days)	Completed	Uploaded	$75.00	$26.00	$101.00		
Wed, 09/10/2013 - 10:30	2161	Kitty Lea	Foot Worship	10 minutes	Standard Definition	Standard (14 days)	Completed	Uploaded	$100.00	$35.00	$135.00		
Wed, 09/10/2013 - 10:22	2160	Caty Cole	Ass Worship	5 minutes	Standard Definition	Standard (14 days)	Completed	Uploaded	$110.59	$39.00	$149.00		
Tue, 08/10/2013 - 20:47	2142	Charlie Z	Ass Worship	10 minutes	Standard Definition	Express (up to 3 days)	Completed	Uploaded	$85.00	$30.00	$115.00		
Tue, 08/10/2013 - 12:31	2125	Sophia Lares	Tit Worship	5 minutes	High Definition	Standard (14 days)	Completed	Uploaded	$89.99	$31.00	$121.00		
Tue, 08/10/2013 - 07:54	2121	Megan Coxxx	Ass Worship	15 minutes	Standard Definition	Express (up to 3 days)	Completed	Not Uploaded	$140.00	$49.00	$189.00		
Fri, 04/10/2013 - 11:58	1973	Brie Taylor	Boy-Girl	30 minutes	Standard Definition	Express (up to 3 days)	Completed	Uploaded	$80.00	$28.00	$108.00		
Tue, 08/10/2013 - 04:54	2115	Goddess Alexis	Foot Worship	10 minutes	Standard Definition	Standard (14 days)	Completed	Uploaded	$70.00	$25.00	$95.00		
Tue, 08/10/2013 - 04:27	2113	Cheyenne Jewel	Femdom POV	5 minutes	Standard Definition	Standard (14 days)	Completed	Not Uploaded	$50.00	$18.00	$68.00		
Tue, 08/10/2013 - 03:54	2111	Mistress B	Humiliation	Instagram (15 Seconds)	Instagram	Next Day (Up to 24 Hours)	Completed	Uploaded	$10.00	$4.00	$14.00		
Tue, 08/10/2013 - 02:12	2109	Kitty Lea	Glamour / Implied Nude	10 minutes	Standard Definition	Standard (14 days)	Completed	Uploaded	$250.00	$88.00	$338.00		
Mon, 07/10/2013 - 21:44	2098	Goddess Jessica	Financial Domination	10 minutes	High Definition	Express (up to 3 days)	Completed	Uploaded	$150.00	$53.00	$203.00		
Mon, 07/10/2013 - 16:52	2089	Jessika Jinx	Boy-Girl	10 minutes	Standard Definition	Standard (14 days)	Completed	Uploaded	$260.00	$91.00	$351.00		
Mon, 07/10/2013 - 15:15	2084	Amy Lu	Jerk Off Instruction	15 minutes	Standard Definition	Premium (7 days)	Completed	Uploaded	$82.50	$29.00	$111.00		
Mon, 07/10/2013 - 04:28	2071	Snobby Alexa	Humiliation	5 minutes	Standard Definition	Premium (7 days)	Completed	Uploaded	$75.00	$26.00	$101.00		
Mon, 07/10/2013 - 01:01	2066	Sophia Lares	Flirt	10 minutes	Standard Definition	Express (up to 3 days)	Completed	Uploaded	$184.99	$65.00	$250.00		
Mon, 07/10/2013 - 00:46	2065						Completed	Not Uploaded	$60.00	$21.00	$81.00		
Sun, 06/10/2013 - 18:29	2052	Charlotte Elizabeth	Pantyhose / Stockings	10 minutes	Standard Definition	Standard (14 days)	Completed	Not Uploaded	$80.00	$28.00	$108.00		
Sun, 06/10/2013 - 18:29	2052	Sparkly Hot	Pantyhose Fetish	10 minutes	High Definition	Premium (7 days)	Completed	Uploaded	$80.00	$28.00	$108.00		
Sun, 06/10/2013 - 21:35	2063	Goddess Alexis	Forced Fem	15 minutes	High Definition	Express (up to 3 days)	Completed	Uploaded	$135.00	$47.00	$182.00		
Sun, 06/10/2013 - 21:33	2062	Riley Stewart	Jerk Off Instruction	5 minutes	Standard Definition	Express (up to 3 days)	Completed	Uploaded	$60.00	$21.00	$81.00		
Sun, 06/10/2013 - 19:59	2058	Abbey Barnsley	Flirt	5 minutes	Standard Definition	Standard (14 days)	Completed	Uploaded	$77.40	$27.00	$104.00		
Sun, 06/10/2013 - 19:39	2056	Mikaela Witt	Flirt	5 minutes	Standard Definition	Express (up to 3 days)	Completed	Uploaded	$110.00	$39.00	$149.00		
Sun, 06/10/2013 - 18:58	2054	GoddessNO	Femdom POV	5 minutes	High Definition	Standard (14 days)	Completed	Not Uploaded	$150.00	$53.00	$203.00		
Sun, 06/10/2013 - 04:19	2034	Goddess Lola Lux	Small Penis Humiliation	Instagram (15 Seconds)	Instagram	Next Day (Up to 24 Hours)	Completed	Uploaded	$7.00	$2.00	$9.00		
Sat, 05/10/2013 - 23:08	2027	Goddess Jessica	Tease & Denial	5 minutes	High Definition	Standard (14 days)	Completed	Uploaded	$50.00	$18.00	$68.00		
Sat, 05/10/2013 - 17:41	2015	Goddess Raven	Foot Slave Training	10 minutes	High Definition	Standard (14 days)	Completed	Uploaded	$200.00	$70.00	$270.00		
Sat, 05/10/2013 - 10:53	2003	Goddess Lola Lux	Small Penis Humiliation	Instagram (15 Seconds)	Instagram	Next Day (Up to 24 Hours)	Completed	Uploaded	$7.00	$2.00	$9.00		
Sat, 05/10/2013 - 10:42	2002	Gemma Jane	Foot Worship	5 minutes	High Definition	Standard (14 days)	Completed	Uploaded	$160.59	$56.00	$217.00		
Sat, 05/10/2013 - 09:52	2000	Queen Kasey	Femdom POV	5 minutes	Standard Definition	Standard (14 days)	Completed	Not Uploaded	$75.00	$26.00	$101.00		
Sat, 05/10/2013 - 09:47	1999	Goddess Randy Moore				Standard (14 days)	Completed	Not Uploaded	$75.00	$26.00	$101.00		
Sat, 05/10/2013 - 08:05	1998	Goddess Randi	Femdom POV	5 minutes	Standard Definition	Standard (14 days)	Completed	Not Uploaded	$75.00	$26.00	$101.00		
Sat, 05/10/2013 - 07:57	1997	Princess Jeanie	Femdom POV	5 minutes	Standard Definition	Standard (14 days)	Completed	Not Uploaded	$75.00	$26.00	$101.00		
Sat, 05/10/2013 - 07:57	1997	Queen Kasey	Femdom POV	5 minutes	Standard Definition	Standard (14 days)	Completed	Not Uploaded	$75.00	$26.00	$101.00		
Sat, 05/10/2013 - 07:57	1997	Goddess Randi	Femdom POV	5 minutes	Standard Definition	Standard (14 days)	Completed	Not Uploaded	$75.00	$26.00	$101.00		
Sat, 05/10/2013 - 05:50	1995	Paige Green	Foot Worship	5 minutes	Standard Definition		Completed	Not Uploaded	$85.00	$30.00	$115.00		
Sat, 05/10/2013 - 00:25	1991	Sophia Lares	Tit Worship	10 minutes	Standard Definition	Standard (14 days)	Completed	Uploaded	$134.99	$47.00	$182.00		
Fri, 04/10/2013 - 17:32	1984	Carla Brown	Financial Domination	15 minutes	Standard Definition	Express (up to 3 days)	Completed	Uploaded	$160.00	$56.00	$216.00		
Fri, 04/10/2013 - 16:35	1979	Princess Ellie	Jerk Off Instruction	15 minutes	High Definition	Premium (7 days)	Completed	Uploaded	$160.00	$56.00	$216.00		
Fri, 04/10/2013 - 13:01	1975	Katie K	Jerk Off Instruction	10 minutes	Standard Definition	Premium (7 days)	Completed	Not Uploaded	$90.00	$32.00	$122.00		
Fri, 04/10/2013 - 11:13	1970	Goddess Alexis	Femdom POV	10 minutes	Standard Definition	Standard (14 days)	Completed	Uploaded	$75.00	$26.00	$101.00		
Fri, 04/10/2013 - 09:15	1968	Lola Foxx	Ass Worship	5 minutes	Standard Definition	Standard (14 days)	Completed	Not Uploaded	$55.55	$19.00	$75.00		
Fri, 04/10/2013 - 09:12	1967	Princess Ellie	Jerk Off Instruction	5 minutes	High Definition	Standard (14 days)	Completed	Uploaded	$50.00	$18.00	$68.00		
Fri, 04/10/2013 - 07:35	1961	Gemma Hiles	Femdom POV	10 minutes	Standard Definition	Standard (14 days)	Completed	Uploaded	$165.87	$58.00	$224.00		
Fri, 04/10/2013 - 01:51	1952	Randy Moore	Jerk Off Instruction	10 minutes	High Definition	Premium (7 days)	Completed	Uploaded	$145.00	$51.00	$196.00		
Thu, 03/10/2013 - 18:20	1940	Princess Perfection	Foot Slave Training	5 minutes	Standard Definition	Standard (14 days)	Completed	Uploaded	$100.00	$35.00	$135.00		
Thu, 03/10/2013 - 18:10	1939	Sophia Lares	Jerk Off Instruction	5 minutes	Standard Definition	Premium (7 days)	Completed	Uploaded	$102.40	$36.00	$138.00		
Thu, 03/10/2013 - 07:32	1929	Hellen Roxx	Humiliation	5 minutes	Standard Definition	Standard (14 days)	Completed	Uploaded	$40.00	$14.00	$54.00		
Thu, 03/10/2013 - 07:21	1928	Goddess Lola Lux	Humiliation	5 minutes	Standard Definition	Standard (14 days)	Completed	Not Uploaded	$50.00	$18.00	$68.00		
Thu, 03/10/2013 - 02:00	1923	Brie Taylor	Cum Eating Instruction	5 minutes	Standard Definition	Standard (14 days)	Completed	Uploaded	$10.00	$4.00	$14.00		
Wed, 02/10/2013 - 14:10	1901	Sophia Lares	Jerk Off Instruction	5 minutes	Standard Definition	Standard (14 days)	Completed	Uploaded	$77.40	$27.00	$104.00		
Wed, 02/10/2013 - 14:09	1900	Fernanda Ferrari	Tit Worship	10 minutes	Standard Definition	Standard (14 days)	Completed	Uploaded	$165.87	$58.00	$224.00		
Wed, 02/10/2013 - 01:25	1888	Adele Taylor	Glamour / Implied Nude	15 minutes	Standard Definition	Standard (14 days)	Completed	Uploaded	$165.87	$58.00	$224.00		
Tue, 01/10/2013 - 18:28	1875	Ruby Summers	Small Penis Humiliation	5 minutes	Standard Definition	Standard (14 days)	Completed	Uploaded	$60.00	$21.00	$81.00		
Mon, 30/09/2013 - 23:01	1857	Holly Mcguire	Jerk Off Instruction	15 minutes	Standard Definition	Next Day (up to 24 hours)	Completed	Uploaded	$130.00	$46.00	$176.00		
Mon, 30/09/2013 - 20:35	1854	The Egyptian Goddess	Foot Worship	5 minutes	Standard Definition	Standard (14 days)	Completed	Not Uploaded	$30.00	$11.00	$41.00		
Mon, 30/09/2013 - 18:02	1852	Mikaela Witt	Flirt	5 minutes	Standard Definition	Standard (14 days)	Completed	Uploaded	$100.00	$35.00	$135.00		
Sun, 29/09/2013 - 20:05	1812	Kandi Kay	Jerk Off Instruction	15 minutes	Standard Definition	Standard (14 days)	Completed	Not Uploaded	$350.00	$123.00	$473.00		
Sun, 29/09/2013 - 17:59	1808	Olivia Berzinc	Smoking	5 minutes	Standard Definition	Standard (14 days)	Completed	Not Uploaded	$95.00	$33.00	$128.00		
Sun, 29/09/2013 - 17:19	1806	Paige Green	Leather / Latex / PVC	10 minutes	Standard Definition	Standard (14 days)	Completed	Not Uploaded	$95.00	$33.00	$128.00		
Sun, 29/09/2013 - 12:04	1799	Raaka Shock	Foot Slave Training	5 minutes	Standard Definition	Standard (14 days)	Completed	Uploaded	$18.00	$6.00	$24.00		
Sun, 29/09/2013 - 10:05	1797	Paige Green	Foot Worship	5 minutes	Standard Definition		Completed	Not Uploaded	$85.00	$30.00	$115.00		
Sun, 29/09/2013 - 09:59	1796	The Egyptian Goddess	Femdom POV	5 minutes	Standard Definition	Standard (14 days)	Completed	Not Uploaded	$30.00	$11.00	$41.00		
Sun, 29/09/2013 - 09:24	1795	Jasmine Jones	Femdom POV	5 minutes	Standard Definition	Premium (7 days)	Completed	Uploaded	$50.00	$18.00	$68.00		
Sun, 29/09/2013 - 08:54	1792	Charley Atwell	Jerk Off Instruction	5 minutes	Standard Definition	Standard (14 days)	Completed	Uploaded	$70.00	$25.00	$95.00		
Sun, 29/09/2013 - 03:05	1780	Mistress B	Jerk Off Instruction	5 minutes	Standard Definition	Premium (up to 7 days)	Completed	Uploaded	$50.00	$18.00	$68.00		
Sat, 28/09/2013 - 20:24	1766	Princess Jennifer	Financial Domination	10 minutes	High Definition	Standard (14 days)	Completed	Uploaded	$150.00	$53.00	$203.00		
Sat, 28/09/2013 - 12:55	1754	Adele Taylor	Glamour / Implied Nude	5 minutes	Standard Definition	Standard (14 days)	Completed	Uploaded	$77.40	$27.00	$104.00		
Sat, 28/09/2013 - 09:58	1745	Lucy Zara	Smoking	10 minutes	Standard Definition	Standard (14 days)	Completed	Uploaded	$250.00	$88.00	$338.00		
Sat, 28/09/2013 - 08:06	1743	Natalia Forrest	Masturbation	10 minutes	Standard Definition	Standard (14 days)	Completed	Uploaded	$140.00	$49.00	$189.00		
Fri, 27/09/2013 - 18:03	1719	Jennifer Jade	Pantyhose / Stockings	10 minutes	Standard Definition	Premium (7 days)	Completed	Uploaded	$130.00	$46.00	$176.00		
Fri, 27/09/2013 - 16:08	1714	Sophia Lares	Small Penis Humiliation	5 minutes	Standard Definition	Premium (7 days)	Completed	Uploaded	$102.40	$36.00	$138.00		
Fri, 27/09/2013 - 11:23	1706	Adele Taylor	Foot Worship	5 minutes	High Definition	Standard (14 days)	Completed	Uploaded	$102.40	$36.00	$138.00		
Thu, 26/09/2013 - 12:21	1665	Charlie Z	Foot Worship	5 minutes	Standard Definition	Premium (7 days)	Completed	Uploaded	$50.00	$18.00	$68.00		
Thu, 26/09/2013 - 10:29	1660	Candy Charms	Smoking	10 minutes	Standard Definition	Express (up to 3 days)	Completed	Uploaded	$560.00	$196.00	$756.00		
Thu, 26/09/2013 - 10:22	1659	Charlie Z	Femdom POV	5 minutes	Standard Definition	Standard (14 days)	Completed	Uploaded	$45.00	$16.00	$61.00		
Thu, 26/09/2013 - 10:15	1658	Preeti & Priya Young	Small Penis Humiliation	15 minutes	Standard Definition	Express (up to 3 days)	Completed	Uploaded	$470.00	$165.00	$635.00		
Thu, 26/09/2013 - 05:12	1653	Randy Moore	Jerk Off Instruction	10 minutes	High Definition	Standard (14 days)	Completed	Uploaded	$135.00	$47.00	$182.00		
Wed, 25/09/2013 - 23:36	1642	Lilly Roma	Glamour / Implied Nude	5 minutes	Standard Definition	Standard (14 days)	Completed	Uploaded	$110.59	$39.00	$149.00		
Wed, 25/09/2013 - 15:18	1629	Holly Mcguire	Small Penis Humiliation	5 minutes	Standard Definition	Standard (14 days)	Completed	Uploaded	$60.00	$21.00	$81.00		
Wed, 25/09/2013 - 15:07	1627	Carla Brown	Upskirt	10 minutes	Standard Definition	Standard (14 days)	Completed	Uploaded	$125.00	$44.00	$169.00		
Wed, 25/09/2013 - 15:01	1626	Holly Mcguire	Small Penis Humiliation	5 minutes	Standard Definition	Standard (14 days)	Completed	Uploaded	$60.00	$21.00	$81.00		
Tue, 24/09/2013 - 23:16	1605	Sophia Smith	Glamour / Implied Nude	10 minutes	Standard Definition	Premium (up to 7 days)	Completed	Uploaded	$125.00	$44.00	$169.00		
Tue, 24/09/2013 - 21:57	1601	Danielle Anderson	Jerk Off Instruction	15 minutes	High Definition	Standard (14 days)	Completed	Uploaded	$215.87	$76.00	$291.00		
Tue, 24/09/2013 - 15:23	1589	Abbey Barnsley	Foot Worship	15 minutes	Standard Definition	Standard (14 days)	Completed	Uploaded	$165.87	$58.00	$224.00		
Tue, 24/09/2013 - 14:01	1588	Jennifer Jade	Foot Worship	5 minutes	Standard Definition	Standard (14 days)	Completed	Uploaded	$70.00	$25.00	$95.00		
Tue, 24/09/2013 - 11:38	1584	Danielle Anderson	Tease & Denial	15 minutes	High Definition	Standard (14 days)	Completed	Uploaded	$215.87	$76.00	$291.00		
Tue, 24/09/2013 - 05:42	1578	Sophia Lares	Jerk Off Instruction	5 minutes	Standard Definition	Standard (14 days)	Completed	Uploaded	$77.40	$27.00	$104.00		
Tue, 24/09/2013 - 05:07	1576	Goddess Jessica	Foot Worship	10 minutes	Standard Definition	Standard (14 days)	Completed	Uploaded	$100.00	$35.00	$135.00		
Tue, 24/09/2013 - 00:24	1574	Preeti & Priya Young	Jerk Off Instruction	5 minutes	Standard Definition	Standard (14 days)	Completed	Uploaded	$140.00	$49.00	$189.00		
Tue, 24/09/2013 - 00:19	1572	Sophia Lares	Tit Worship	10 minutes	Standard Definition	Premium (7 days)	Completed	Uploaded	$157.70	$55.00	$213.00		
Sun, 22/09/2013 - 23:22	1537	Goddess Bossy	Foot Worship	5 minutes	Standard Definition	Standard (14 days)	Completed	Not Uploaded	$50.00	$18.00	$68.00		
Sun, 22/09/2013 - 11:40	1522	Kitty Lea	Femdom POV	5 minutes	Standard Definition	Standard (14 days)	Completed	Uploaded	$75.00	$26.00	$101.00		
Sun, 22/09/2013 - 11:19	1521	Kitty Lea	Foot Worship	5 minutes	Standard Definition	Premium (7 days)	Completed	Uploaded	$100.00	$35.00	$135.00		
Sun, 22/09/2013 - 06:20	1517	Gemma Hiles	Foot Worship	5 minutes	High Definition	Standard (14 days)	Completed	Uploaded	$185.59	$65.00	$251.00		
Sun, 22/09/2013 - 05:01	1512	Bianca	Foot Worship	5 minutes	Standard Definition	Premium (7 days)	Completed	Not Uploaded	$55.00	$19.00	$74.00		
Sun, 22/09/2013 - 03:55	1511	Goddess Jessica	Jerk Off Instruction	15 minutes	High Definition	Standard (14 days)	Completed	Uploaded	$170.00	$60.00	$230.00		
Sat, 21/09/2013 - 21:55	1501	Goddess Jessica	Goddess Worship	Instagram (15 Seconds)	Instagram	Next Day (Up to 24 Hours)	Completed	Uploaded	$7.40	$3.00	$10.00		
Sat, 21/09/2013 - 21:32	1499	Goddess Jessica	Small Penis Humiliation	Instagram (15 Seconds)	Instagram	Next Day (Up to 24 Hours)	Completed	Uploaded	$7.40	$3.00	$10.00		
Sat, 21/09/2013 - 16:41	1486	Paige Green	Tease & Denial	15 minutes	Standard Definition	Standard (14 days)	Completed	Not Uploaded	$120.00	$42.00	$162.00		
Sat, 21/09/2013 - 14:30	1482	Jasmine Jones	Chastity	10 minutes	Standard Definition	Standard (14 days)	Completed	Uploaded	$100.00	$35.00	$135.00		
Sat, 21/09/2013 - 07:20	1477	Evelyn Milano	Leg Fetish	10 minutes	High Definition	Standard (14 days)	Completed	Not Uploaded	$150.00	$53.00	$203.00		
Fri, 20/09/2013 - 21:51	1464	Ash Hollywood	Foot Slave Training	5 minutes	Standard Definition	Standard (14 days)	Completed	Uploaded	$75.00	$26.00	$101.00		
Fri, 20/09/2013 - 13:24	1449	Mistress B	Humiliation	5 minutes	Standard Definition	Premium (up to 7 days)	Completed	Uploaded	$50.00	$18.00	$68.00		
Fri, 20/09/2013 - 12:46	1445	Emma Spellar	Glamour / Implied Nude	15 minutes	High Definition	Standard (14 days)	Completed	Uploaded	$371.16	$130.00	$501.00		
Fri, 20/09/2013 - 10:05	1441	Akara Fang	Small Penis Humiliation	Instagram (15 Seconds)	Instagram	Next Day (Up to 24 Hours)	Completed	Uploaded	$10.00	$4.00	$14.00		
Fri, 20/09/2013 - 09:53	1440	Dannii Harwood	Jerk Off Instruction	10 minutes	High Definition	Standard (14 days)	Completed	Not Uploaded	$325.00	$114.00	$439.00		
Wed, 18/09/2013 - 04:18	1413	Randy Moore	Goddess Worship	15 minutes	High Definition	Premium (7 days)	Completed	Uploaded	$170.00	$60.00	$230.00		
Tue, 17/09/2013 - 23:20	1408	Abbey Barnsley	Jerk Off Instruction	5 minutes	High Definition	Standard (14 days)	Completed	Uploaded	$102.40	$36.00	$138.00		
Tue, 17/09/2013 - 16:53	1398	Sophia Stone	Humiliation	5 minutes	High Definition	Express (up to 3 days)	Completed	Uploaded	$70.00	$25.00	$95.00		
Tue, 17/09/2013 - 13:20	1393	Goddess Jessica	Foot Worship	5 minutes	High Definition	Standard (14 days)	Completed	Uploaded	$50.00	$18.00	$68.00		
Tue, 17/09/2013 - 11:21	1390	Gemma Jane		5 minutes	Standard Definition	Standard (14 days)	Completed	Uploaded	$110.59	$39.00	$149.00		
Tue, 17/09/2013 - 11:21	1390	Caty Cole	Glamour / Implied Nude	5 minutes	Standard Definition	Standard (14 days)	Completed	Uploaded	$110.59	$39.00	$149.00		
Tue, 17/09/2013 - 11:21	1390	Danielle Anderson	Glamour / Implied Nude	5 minutes	Standard Definition	Standard (14 days)	Completed	Uploaded	$77.40	$27.00	$104.00		
Tue, 17/09/2013 - 02:06	1387	Gemma Hiles	High Heels	5 minutes	High Definition		Completed	Uploaded	$205.59	$72.00	$278.00		
Mon, 16/09/2013 - 11:13	1364	Hannah Martin	Jerk Off Instruction	5 minutes	Standard Definition	Standard (14 days)	Completed	Uploaded	$110.59	$39.00	$149.00		
Mon, 16/09/2013 - 23:32	1383	Michelle Moist	Jerk Off Instruction	5 minutes	Standard Definition	Premium (7 days)	Completed	Uploaded	$40.00	$14.00	$54.00		
Mon, 16/09/2013 - 12:06	1366	Jeana B	Glamour / Implied Nude	10 minutes	High Definition	Premium (7 days)	Completed	Uploaded	$150.00	$53.00	$203.00		
Mon, 16/09/2013 - 11:13	1363	Danielle Anderson	Glamour / Implied Nude	5 minutes	Standard Definition	Standard (14 days)	Completed	Uploaded	$77.40	$27.00	$104.00		
Mon, 16/09/2013 - 06:38	1359	Michelle Moist	Goddess Worship	10 minutes	Standard Definition	Next Day (up to 24 hours)	Completed	Uploaded	$90.00	$32.00	$122.00		
Sun, 15/09/2013 - 21:24	1347	Princess Ellie	Financial Domination	5 minutes	High Definition	Standard (14 days)	Completed	Uploaded	$50.00	$18.00	$68.00		
Sun, 15/09/2013 - 19:23	1345	Hollie Sparrow	Glamour / Implied Nude	5 minutes	Standard Definition	Standard (14 days)	Completed	Uploaded	$77.40	$27.00	$104.00		
Sun, 15/09/2013 - 18:43	1343	Alexis Amore	Masturbation	10 minutes	Standard Definition	Express (up to 3 days)	Completed	Not Uploaded	$300.00	$105.00	$405.00		
Sun, 15/09/2013 - 12:41	1337	Frankie Babe	Jerk Off Instruction	5 minutes	Standard Definition	Standard (14 days)	Completed	Uploaded	$60.00	$21.00	$81.00		
Sun, 15/09/2013 - 12:01	1336	Natalia Forrest	Glamour / Implied Nude	5 minutes	Standard Definition	Standard (14 days)	Completed	Uploaded	$85.00	$30.00	$115.00		
Sun, 15/09/2013 - 12:01	1336	Sophia Smith	Glamour / Implied Nude	5 minutes	Standard Definition	Premium (up to 7 days)	Completed	Uploaded	$95.00	$33.00	$128.00		
Sun, 15/09/2013 - 06:46	1330	Brook Logan	Jerk Off Instruction	5 minutes	Standard Definition	Standard (14 days)	Completed	Uploaded	$65.00	$23.00	$88.00		
Sat, 14/09/2013 - 23:23	1316	Becky Dee	Ass Worship	10 minutes	Standard Definition	Express (up to 3 days)	Completed	Uploaded	$75.00	$26.00	$101.00		
Sat, 14/09/2013 - 22:05	1305	Akara Fang					Completed	Uploaded	$10.00	$4.00	$14.00		
Sat, 14/09/2013 - 04:28	1272	Randy Moore	Femdom POV	10 minutes	High Definition	Standard (14 days)	Completed	Uploaded	$135.00	$47.00	$182.00		
Sat, 14/09/2013 - 16:06	1293	Jeana B	Goddess Worship	5 minutes	High Definition	Standard (14 days)	Completed	Not Uploaded	$70.00	$25.00	$95.00		
Sat, 14/09/2013 - 08:11	1273	Mistress B	Scent	5 minutes	Standard Definition	Next Day (up to 24 hours)	Completed	Uploaded	$75.00	$26.00	$101.00		
Fri, 13/09/2013 - 16:15	1251	Ruby Summers	Jerk Off Instruction	5 minutes	Standard Definition	Standard (14 days)	Completed	Uploaded	$60.00	$21.00	$81.00		
Fri, 13/09/2013 - 14:38	1249	Courtney Cummz	Financial Domination	Instagram (15 Seconds)	Instagram	Next Day (Up to 24 Hours)	Completed	Not Uploaded	$18.51	$6.00	$25.00		
Fri, 13/09/2013 - 06:42	1244	Monique Stranger	Rip Off	5 minutes	Standard Definition	Standard (14 days)	Completed	Not Uploaded	$85.00	$30.00	$115.00		
Fri, 13/09/2013 - 06:07	1242	Goddess Bossy	Ass Worship	Instagram (15 Seconds)	Instagram	Next Day (Up to 24 Hours)	Completed	Uploaded	$10.00	$4.00	$14.00		
Fri, 13/09/2013 - 00:36	1239	Goddess Jessica	Goddess Worship	10 minutes	High Definition	Standard (14 days)	Completed	Uploaded	$100.00	$35.00	$135.00		
Thu, 12/09/2013 - 23:21	1233	Hollie Sparrow	Foot Worship	15 minutes	Standard Definition	Premium (7 days)	Completed	Uploaded	$185.87	$65.00	$251.00		
Wed, 11/09/2013 - 20:58	1179	Goddess Jessica	Financial Domination	10 minutes	High Definition	Standard (14 days)	Completed	Uploaded	$100.00	$35.00	$135.00		
Wed, 11/09/2013 - 02:57	1160	Danielle Anderson	Jerk Off Instruction	5 minutes	High Definition	Standard (14 days)	Completed	Uploaded	$127.40	$45.00	$172.00		
Wed, 11/09/2013 - 16:11	1169	Goddess Jessica	Chastity	5 minutes	Standard Definition	Standard (14 days)	Completed	Uploaded	$50.00	$18.00	$68.00		
Wed, 11/09/2013 - 08:03	1163	Holly Mcguire	Jerk Off Instruction	10 minutes	Standard Definition	Premium (7 days)	Completed	Uploaded	$90.00	$32.00	$122.00		
Wed, 11/09/2013 - 03:02	1161	Charley Atwell	High Heels	10 minutes	Standard Definition	Standard (14 days)	Completed	Uploaded	$125.00	$44.00	$169.00		
Tue, 10/09/2013 - 23:32	1155	Princess Ellie	Jerk Off Instruction	10 minutes	High Definition	Standard (14 days)	Completed	Uploaded	$100.00	$35.00	$135.00		
Tue, 10/09/2013 - 23:20	1153	Dannii Harwood	Rip Off	5 minutes	Standard Definition	Standard (14 days)	Completed	Uploaded	$150.00	$53.00	$203.00		
Tue, 10/09/2013 - 10:50	1140	Becky Dee	Ass Worship	5 minutes	Standard Definition	Standard (14 days)	Completed	Not Uploaded	$45.00	$16.00	$61.00		
Tue, 10/09/2013 - 10:47	1139	Becky Dee	Ass Worship	5 minutes	Standard Definition	Standard (14 days)	Completed	Not Uploaded	$45.00	$16.00	$61.00		
Sun, 08/09/2013 - 20:19	1091	Mikaela Witt	Foot Worship	15 minutes	Standard Definition	Standard (14 days)	Completed	Uploaded	$225.00	$79.00	$304.00		
Sun, 08/09/2013 - 19:14	1089	Goddess Jessica	Foot Slave Training	5 minutes	High Definition	Standard (14 days)	Completed	Uploaded	$50.00	$18.00	$68.00		
Sun, 08/09/2013 - 13:57	1084	Brook Logan	Ass Worship	5 minutes	High Definition	Standard (14 days)	Completed	Uploaded	$115.00	$40.00	$155.00		
Sun, 08/09/2013 - 02:24	1076	Jasmine Jones	Chastity	Instagram (15 Seconds)	Instagram	Next Day (Up to 24 Hours)	Completed	Uploaded	$11.10	$4.00	$15.00		
Sat, 07/09/2013 - 19:20	1065	Priya Young	Foot Worship		Standard Definition	Standard (14 days)	Completed	Not Uploaded	$18.51	$6.00	$25.00		
Sat, 07/09/2013 - 07:30	1054	Jasmine Jones	Chastity	Instagram (15 Seconds)	Instagram	Next Day (Up to 24 Hours)	Completed	Uploaded	$11.10	$4.00	$15.00		
Sat, 07/09/2013 - 02:55	1049	Gemma Jane	Foot Worship	5 minutes	Standard Definition	Standard (14 days)	Completed	Uploaded	$110.59	$39.00	$149.00		
Fri, 06/09/2013 - 14:30	1023	Carla Brown	Foot Worship	15 minutes	Standard Definition	Standard (14 days)	Completed	Uploaded	$150.00	$53.00	$203.00		
Fri, 06/09/2013 - 10:33	1020	Jasmine Jones	Chastity	Instagram (15 Seconds)	Instagram	Next Day (Up to 24 Hours)	Completed	Uploaded	$11.10	$4.00	$15.00		
Thu, 05/09/2013 - 12:34	1016	Jasmine Jones	Chastity	Instagram (15 Seconds)	Instagram	Next Day (Up to 24 Hours)	Completed	Uploaded	$11.10	$4.00	$15.00		
Wed, 04/09/2013 - 19:46	1012	Dannii Harwood	Tit Worship	5 minutes	Standard Definition		Completed	Uploaded	$110.00	$39.00	$149.00		
Wed, 04/09/2013 - 02:16	1003	Ruby Summers	Chastity	15 minutes	Standard Definition	Standard (14 days)	Completed	Uploaded	$110.00	$39.00	$149.00		
Mon, 02/09/2013 - 18:13	987	Goddess Alexis	Jerk Off Instruction	5 minutes	High Definition	Standard (14 days)	Completed	Uploaded	$100.00	$35.00	$135.00		
Mon, 02/09/2013 - 14:59	985	Princess Ellie	Tease & Denial	15 minutes	High Definition	Standard (14 days)	Completed	Uploaded	$150.00	$53.00	$203.00		
Sun, 01/09/2013 - 08:21	981	Jasmine Jones	Chastity	Instagram (15 Seconds)	Instagram	Next Day (Up to 24 Hours)	Completed	Uploaded	$11.10	$4.00	$15.00		
Fri, 16/08/2013 - 15:08	837	Goddess Jessica	Foot Worship	10 minutes	Standard Definition	Standard (14 days)	Completed	Uploaded	$90.00	$32.00	$122.00		
Fri, 30/08/2013 - 05:14	953	Michelle Moist	Masturbation	15 minutes	High Definition	Standard (14 days)	Completed	Uploaded	$155.00	$54.00	$209.00		
Sat, 31/08/2013 - 16:51	973	Hannah Martin	Foot Worship	10 minutes	High Definition	Standard (14 days)	Completed	Uploaded	$215.87	$76.00	$291.00		
Sat, 31/08/2013 - 05:46	961	Princess Samantha	Jerk Off Instruction	15 minutes	Standard Definition	Standard (14 days)	Completed	Uploaded	$130.00	$46.00	$176.00		
Fri, 30/08/2013 - 21:38	959	Randy Moore	Femdom POV	5 minutes	High Definition	Premium (7 days)	Completed	Uploaded	$95.00	$33.00	$128.00		
Fri, 30/08/2013 - 02:38	951	Goddess Jessica	Small Penis Humiliation	Instagram (15 Seconds)	Instagram	Next Day (Up to 24 Hours)	Completed	Uploaded	$7.40	$3.00	$10.00		
Fri, 30/08/2013 - 02:38	951	Goddess Jessica	Small Penis Humiliation	Instagram (15 Seconds)	Instagram	Next Day (Up to 24 Hours)	Completed	Uploaded	$7.40	$3.00	$10.00		
Thu, 29/08/2013 - 23:28	946	Randy Moore	Goddess Worship	10 minutes	High Definition	Standard (14 days)	Completed	Uploaded	$135.00	$47.00	$182.00		
Thu, 29/08/2013 - 16:43	942	Princess Alli	Pantyhose / Stockings	Instagram (15 Seconds)	Instagram	Next Day (Up to 24 Hours)	Completed	Not Uploaded	$5.00	$2.00	$7.00		
Wed, 28/08/2013 - 10:42	932	Charley Atwell	Jerk Off Instruction	10 minutes	Standard Definition	Standard (14 days)	Completed	Uploaded	$125.00	$44.00	$169.00		
Wed, 28/08/2013 - 10:02	931	Charley Atwell	Pantyhose Fetish		Standard Definition	Standard (14 days)	Completed	Uploaded	$135.00	$47.00	$182.00		
Wed, 28/08/2013 - 09:58	930	Charley Atwell	Goddess Worship	10 minutes	Standard Definition	Standard (14 days)	Completed	Uploaded	$100.00	$35.00	$135.00		
Wed, 28/08/2013 - 09:53	929	Charley Atwell	Femdom POV	5 minutes	Standard Definition	Standard (14 days)	Completed	Uploaded	$75.00	$26.00	$101.00		
Wed, 28/08/2013 - 09:21	927	Princess Samantha	Financial Domination	10 minutes	Standard Definition	Standard (14 days)	Completed	Uploaded	$95.00	$33.00	$128.00		
Wed, 28/08/2013 - 02:43	920	Princess Ellie	Jerk Off Instruction	5 minutes	High Definition	Standard (14 days)	Completed	Uploaded	$50.00	$18.00	$68.00		
Tue, 27/08/2013 - 23:50	917	Priya Young	Jerk Off Instruction	15 minutes	Standard Definition	Next Day (up to 24 hours)	Completed	Uploaded	$300.00	$105.00	$405.00		
Mon, 26/08/2013 - 22:24	901	Princess Ellie	Financial Domination	10 minutes	High Definition	Premium (7 days)	Completed	Uploaded	$105.00	$37.00	$142.00		
Mon, 26/08/2013 - 21:46	900	Crystal Deep	Masturbation	5 minutes	Standard Definition	Standard (14 days)	Completed	Not Uploaded	$135.00	$47.00	$182.00		
Sun, 25/08/2013 - 01:05	887	Princess Ellie	Jerk Off Instruction	15 minutes	Standard Definition	Express (up to 3 days)	Completed	Uploaded	$160.00	$56.00	$216.00		
Sat, 24/08/2013 - 13:26	882	Frankie Babe	Jerk Off Instruction	10 minutes	Standard Definition	Standard (14 days)	Completed	Uploaded	$100.00	$35.00	$135.00		
Sat, 24/08/2013 - 09:35	881	Princess Jennifer	Foot Slave Training	5 minutes	High Definition	Standard (14 days)	Completed	Uploaded	$150.00	$53.00	$203.00		
Thu, 22/08/2013 - 21:22	869	Princess Ellie	Jerk Off Instruction	10 minutes	High Definition	Premium (7 days)	Completed	Uploaded	$105.00	$37.00	$142.00		
Thu, 22/08/2013 - 02:56	867	Goddess Jessica	Small Penis Humiliation	Instagram (15 Seconds)	Instagram	Next Day (Up to 24 Hours)	Completed	Uploaded	$7.40	$3.00	$10.00		
Wed, 21/08/2013 - 19:36	865	Goddess Jessica	Femdom POV	10 minutes	High Definition	Next Day (up to 24 hours)	Completed	Uploaded	$200.00	$70.00	$270.00		
Wed, 21/08/2013 - 02:28	862	Goddess Jessica	Small Penis Humiliation	Instagram (15 Seconds)	Instagram	Next Day (Up to 24 Hours)	Completed	Uploaded	$7.40	$3.00	$10.00		
Mon, 19/08/2013 - 10:56	852	Charley Atwell	Smoking		Standard Definition	Standard (14 days)	Completed	Uploaded	$200.00	$70.00	$270.00		
Mon, 19/08/2013 - 09:11	851	Frankie Babe	Femdom POV	10 minutes	Standard Definition	Express (up to 3 days)	Completed	Uploaded	$125.00	$44.00	$169.00		
Mon, 19/08/2013 - 00:15	848	Goddess Jessica	Foot Worship	15 minutes	High Definition	Express (up to 3 days)	Completed	Uploaded	$200.00	$70.00	$270.00		
Sun, 18/08/2013 - 00:16	847	Carla Brown	Goddess Worship	10 minutes	Standard Definition	Premium (7 days)	Completed	Uploaded	$125.00	$44.00	$169.00		
Fri, 16/08/2013 - 22:33	840	Goddess Jessica	Jerk Off Instruction	15 minutes	High Definition	Standard (14 days)	Completed	Uploaded	$160.00	$56.00	$216.00		
Fri, 16/08/2013 - 06:53	833	Goddess Jessica	Pantyhose Fetish	15 minutes	High Definition	Express (up to 3 days)	Completed	Uploaded	$200.00	$70.00	$270.00		
Fri, 16/08/2013 - 03:08	831	Penny Barber	Femdom POV	10 minutes	Standard Definition	Standard (14 days)	Completed	Not Uploaded	$75.00	$26.00	$101.00		
Wed, 14/08/2013 - 23:12	827	Goddess Alexis	Ignore	5 minutes	Standard Definition	Standard (14 days)	Completed	Uploaded	$50.00	$18.00	$68.00		
Wed, 14/08/2013 - 22:00	826	Carla Brown	Ass Worship	15 minutes	Standard Definition	Premium (7 days)	Completed	Uploaded	$150.00	$53.00	$203.00		
Wed, 14/08/2013 - 21:26	825	Sophia Smith	Pantyhose Fetish	15 minutes	High Definition	Express (up to 3 days)	Completed	Uploaded	$190.00	$67.00	$257.00		
Wed, 14/08/2013 - 09:49	820	Goddess Alexis	Femdom POV	10 minutes	Standard Definition	Standard (14 days)	Completed	Uploaded	$100.00	$35.00	$135.00		
Wed, 14/08/2013 - 09:26	818	Goddess Jessica	Femdom POV	10 minutes	Standard Definition	Standard (14 days)	Completed	Uploaded	$115.00	$40.00	$155.00		
Mon, 12/08/2013 - 15:53	807	Dannii Harwood	Femdom POV	15 minutes	Standard Definition		Completed	Uploaded	$235.00	$82.00	$317.00		
Sat, 10/08/2013 - 23:04	798	Randy Moore	Foot Worship	15 minutes	High Definition	Premium (7 days)	Completed	Uploaded	$170.00	$60.00	$230.00		
Sat, 10/08/2013 - 20:32	796	Ella Jolie	Leather / Latex / PVC	10 minutes	Standard Definition	Standard (14 days)	Completed	Uploaded	$130.00	$46.00	$176.00		
Sat, 10/08/2013 - 11:09	794	Ruby Summers	Femdom POV	5 minutes	Standard Definition	Standard (14 days)	Completed	Uploaded	$60.00	$21.00	$81.00		
Thu, 08/08/2013 - 22:38	787	Princess Ellie	Jerk Off Instruction	5 minutes	High Definition	Standard (14 days)	Completed	Uploaded	$50.00	$18.00	$68.00		
Wed, 07/08/2013 - 07:03	766	Mandy Flores	Goddess Worship		High Definition	Premium (7 days)	Completed	Uploaded	$210.00	$74.00	$284.00		
Wed, 07/08/2013 - 00:03	764	Michelle Moist	Masturbation	15 minutes	Standard Definition	Next Day (up to 24 hours)	Completed	Uploaded	$150.00	$53.00	$203.00		
Tue, 06/08/2013 - 20:54	763	Randy Moore	Femdom POV	10 minutes	High Definition	Standard (14 days)	Completed	Uploaded	$135.00	$47.00	$182.00		
Mon, 05/08/2013 - 19:20	757	Princess Samantha	Femdom POV	15 minutes	Standard Definition	Premium (7 days)	Completed	Uploaded	$150.00	$53.00	$203.00		
Mon, 05/08/2013 - 07:31	741	Jasmine Jones	Foot Worship	10 minutes	Standard Definition	Standard (14 days)	Completed	Uploaded	$125.00	$44.00	$169.00		
Sun, 04/08/2013 - 23:10	737	Randy Moore	Ass Worship	15 minutes	High Definition		Completed	Uploaded	$185.00	$65.00	$250.00		
Sun, 04/08/2013 - 19:07	732	Charley Atwell	Pantyhose Fetish		Standard Definition	Standard (14 days)	Completed	Uploaded	$200.00	$70.00	$270.00		
Sun, 04/08/2013 - 16:29	729	Preeti & Priya Young	Femdom POV	5 minutes	Standard Definition	Standard (14 days)	Completed	Uploaded	$150.00	$53.00	$203.00		
Sun, 04/08/2013 - 02:47	725	Goddess Jessica	Jerk Off Instruction	15 minutes	High Definition	Standard (14 days)	Completed	Uploaded	$135.00	$47.00	$182.00		
Fri, 02/08/2013 - 10:24	708	Priya Young	Goddess Worship	10 minutes	Standard Definition		Completed	Uploaded	$150.00	$53.00	$203.00		
Thu, 01/08/2013 - 13:34	698	Allegra C	Foot Worship	10 minutes	Standard Definition	Standard (14 days)	Completed	Uploaded	$100.00	$35.00	$135.00		
Thu, 01/08/2013 - 09:40	696	Priya Young	Jerk Off Instruction	5 minutes	Standard Definition		Completed	Uploaded	$75.00	$26.00	$101.00		
Thu, 01/08/2013 - 09:00	695	Goddess Jessica	Humiliation	Instagram (15 Seconds)	Instagram	Next Day (Up to 24 Hours)	Completed	Uploaded	$7.40	$3.00	$10.00		
Thu, 01/08/2013 - 06:56	694	Goddess Jessica	Humiliation	Instagram (15 Seconds)	Instagram	Next Day (Up to 24 Hours)	Completed	Uploaded	$7.40	$3.00	$10.00		
Wed, 31/07/2013 - 17:11	689	Priya Young	Small Penis Humiliation	5 minutes	Standard Definition		Completed	Uploaded	$75.00	$26.00	$101.00		
Wed, 31/07/2013 - 01:13	683	Michelle Moist	Humiliation	5 minutes	Standard Definition	Standard (14 days)	Completed	Uploaded	$20.00	$7.00	$27.00		
Tue, 30/07/2013 - 23:41	682	Lucy Zara	Rip Off	5 minutes	Standard Definition	Standard (14 days)	Completed	Uploaded	$150.00	$53.00	$203.00		
Tue, 30/07/2013 - 16:07	678	Lucy Zara	Giantess Fetish	5 minutes	Standard Definition	Standard (14 days)	Completed	Uploaded	$150.00	$53.00	$203.00		
Mon, 29/07/2013 - 10:03	674	Goddess Celine	Forced Fem	15 minutes	High Definition	Urgent (up to 24 hours)	Completed	Uploaded	$140.00	$49.00	$189.00		
Sun, 28/07/2013 - 20:06	670	Princess Samantha	Femdom POV	10 minutes	Standard Definition	Premium (7 days)	Completed	Uploaded	$125.00	$44.00	$169.00		
Sat, 27/07/2013 - 09:22	662	Princess Samantha	Femdom POV	10 minutes	Standard Definition	Standard (14 days)	Completed	Uploaded	$200.00	$70.00	$270.00		
Thu, 25/07/2013 - 20:05	654	Alexis Amore	Ass Worship	5 minutes	Standard Definition	Standard (14 days)	Completed	Not Uploaded	$50.00	$18.00	$68.00		
Thu, 25/07/2013 - 17:40	653	Carla Brown	Jerk Off Instruction	10 minutes	Standard Definition	Premium (7 days)	Completed	Uploaded	$125.00	$44.00	$169.00		
Thu, 25/07/2013 - 09:26	646	Jeana B	Femdom POV	15 minutes	Standard Definition	Standard (14 days)	Completed	Uploaded	$290.00	$102.00	$392.00		
Wed, 24/07/2013 - 13:44	636	Sophia Smith	Glamour / Implied Nude	10 minutes	High Definition	Premium (up to 7 days)	Completed	Uploaded	$145.00	$51.00	$196.00		
Wed, 24/07/2013 - 09:16	634	Dannii Harwood	Humiliation		Standard Definition	Standard (14 days)	Completed	Uploaded	$75.00	$26.00	$101.00		
Tue, 23/07/2013 - 13:17	625	Jeana B	Femdom POV	15 minutes	Standard Definition	Standard (14 days)	Completed	Uploaded	$150.00	$53.00	$203.00		
Mon, 22/07/2013 - 22:24	609	Goddess Jessica	Humiliation	10 minutes	Standard Definition	Express (up to 3 days)	Completed	Uploaded	$125.00	$44.00	$169.00		
Sun, 21/07/2013 - 11:14	581	Jeana B	Femdom POV	10 minutes	Standard Definition	Standard (14 days)	Completed	Uploaded	$125.00	$44.00	$169.00		
Sun, 21/07/2013 - 07:18	575	Goddess Jessica	Goddess Worship	15 minutes	High Definition		Completed	Uploaded	$125.00	$44.00	$169.00		
Sat, 20/07/2013 - 18:52	569	Lucy Zara	Giantess Fetish	Instagram (15 Seconds)	Instagram	Next Day (Up to 24 Hours)	Completed	Uploaded	$18.52	$6.00	$25.00		
Mon, 15/07/2013 - 21:41	537	Jasmine Jones	Forced Fem	10 minutes	Standard Definition	Premium (7 days)	Completed	Uploaded	$100.00	$35.00	$135.00		
Mon, 08/07/2013 - 23:31	511	Charley Atwell	Leather / Latex / PVC	5 minutes	Standard Definition	Standard (14 days)	Completed	Uploaded	$75.00	$26.00	$101.00		
Wed, 03/07/2013 - 06:51	479	Princess Samantha	Femdom POV	10 minutes	Standard Definition	Premium (7 days)	Completed	Uploaded	$125.00	$44.00	$169.00		
Wed, 03/07/2013 - 00:26	476	Carla Brown	Jerk Off Instruction	5 minutes	Standard Definition	Premium (7 days)	Completed	Uploaded	$75.00	$26.00	$101.00		
Mon, 01/07/2013 - 23:20	460	Dannii Harwood	Rip Off		Standard Definition	Standard (14 days)	Completed	Uploaded	$125.00	$44.00	$169.00		
Mon, 01/07/2013 - 22:45	459	Jasmine Jones	Cuckolding	5 minutes	Standard Definition	Premium (7 days)	Completed	Uploaded	$50.00	$18.00	$68.00		
Fri, 28/06/2013 - 19:21	445	Dannii Harwood	Small Penis Humiliation		High Definition	Standard (14 days)	Completed	Uploaded	$275.00	$96.00	$371.00		
Thu, 27/06/2013 - 17:03	428	Goddess Celine	Giantess Fetish	10 minutes	High Definition	Urgent (up to 24 hours)	Completed	Uploaded	$110.00	$39.00	$149.00		
Wed, 26/06/2013 - 21:16	424	Goddess Alexis	Financial Domination	5 minutes	Standard Definition	Standard (14 days)	Completed	Uploaded	$50.00	$18.00	$68.00		
Tue, 25/06/2013 - 15:44	417	Nina Leigh	Humiliation	5 minutes	Standard Definition		Completed	Uploaded	$75.00	$26.00	$101.00		
Mon, 24/06/2013 - 16:07	414	Jasmine Mendez	Giantess Fetish	10 minutes	Standard Definition		Completed	Uploaded	$100.00	$35.00	$135.00		
Sat, 22/06/2013 - 18:20	405	Lucy Zara					Completed	Uploaded	$280.00	$98.00	$378.00		
Thu, 20/06/2013 - 23:25	396	Nina Leigh	Humiliation	5 minutes	Standard Definition		Completed	Uploaded	$75.00	$26.00	$101.00		
Mon, 17/06/2013 - 22:42	373	Mandy Flores	Cuckolding		Standard Definition	Standard (14 days)	Completed	Uploaded	$125.00	$44.00	$169.00		
Mon, 17/06/2013 - 23:39	376	Nina Leigh	Ignore	5 minutes	Standard Definition		Completed	Uploaded	$75.00	$26.00	$101.00		
Mon, 17/06/2013 - 23:25	375	Nina Leigh	Rip Off	5 minutes	Standard Definition		Completed	Uploaded	$75.00	$26.00	$101.00		
Sun, 16/06/2013 - 22:36	366	Mandy Flores	Giantess Fetish		High Definition	Premium (7 days)	Completed	Uploaded	$80.00	$28.00	$108.00		
Wed, 12/06/2013 - 09:35	329	Carla Brown	Femdom POV	15 minutes	Standard Definition	Premium (7 days)	Completed	Uploaded	$150.00	$53.00	$203.00		
Mon, 10/06/2013 - 18:29	306	Goddess Alexis	Rip Off	5 minutes	Standard Definition	Express (up to 3 days)	Completed	Uploaded	$100.00	$35.00	$135.00		
Sat, 08/06/2013 - 22:32	281	Dannii Harwood	Goddess Worship		Standard Definition	Standard (14 days)	Completed	Uploaded	$125.00	$44.00	$169.00		
Sat, 08/06/2013 - 22:08	278	Dannii Harwood	Financial Domination		Standard Definition		Completed	Uploaded	$125.00	$44.00	$169.00		
Fri, 07/06/2013 - 23:22	265	Goddess Alexis		15 minutes	Standard Definition		Completed	Uploaded	$125.00	$44.00	$169.00		
Fri, 07/06/2013 - 23:16	264	Goddess Alexis	Goddess Worship	5 minutes	Standard Definition	Express (up to 3 days)	Completed	Uploaded	$100.00	$35.00	$135.00		
Fri, 07/06/2013 - 22:44	262	Goddess Alexis	Rip Off	5 minutes	Standard Definition	Express (up to 3 days)	Completed	Uploaded	$100.00	$35.00	$135.00		
